model,prune_method,drop_num,throughput,latency_ms,memory_gb,flops_g,speedup
dinov2,baseline,0,135.9337,941.6681,3.7379,599.5696,1.0
dinov2,layer_drop_attn,2,137.8851,928.3119,3.7028,589.0566,1.0144
dinov2,layer_drop_attn,4,140.381,911.8051,3.6676,578.5436,1.0327
dinov2,layer_drop_attn,6,143.0684,894.6776,3.6324,568.0305,1.0525
dinov2,layer_drop_attn,8,145.6924,878.5642,3.5972,557.5175,1.0718
dinov2,layer_drop_attn,12,151.6329,844.1442,3.5268,536.4914,1.1155
dinov2,layer_drop_attn,16,157.9522,810.3721,3.4564,515.4654,1.162
dinov2,layer_drop_attn,20,165.2365,774.6478,3.386,494.4393,1.2156
dinov2,layer_drop_attn,24,172.7093,741.1313,3.3156,473.4132,1.2705
dinov2,layer_drop_attn,28,180.8207,707.8842,3.2445,452.3871,1.3302
dinov2,layer_drop_attn,32,189.9064,674.0167,3.1741,431.3611,1.3971
dinov2,layer_drop_attn,40,211.4456,605.3568,2.7509,389.3089,1.5555
dinov2,layer_drop_mlp,2,139.7687,915.7988,3.6676,580.1668,1.0282
dinov2,layer_drop_mlp,4,144.4301,886.2419,3.5972,560.7639,1.0625
dinov2,layer_drop_mlp,6,149.5014,856.1791,3.5269,541.3611,1.0998
dinov2,layer_drop_mlp,8,154.7609,827.0827,3.4565,521.9582,1.1385
dinov2,layer_drop_mlp,12,166.7611,767.5653,3.3158,483.1525,1.2268
dinov2,layer_drop_mlp,16,180.7197,708.2794,3.175,444.3468,1.3295
dinov2,layer_drop_mlp,20,197.0618,649.5426,3.0343,405.5411,1.4497
dinov2,layer_drop_mlp,24,217.1849,589.3598,2.8936,366.7354,1.5977
dinov2,layer_drop_mlp,28,241.2834,530.4975,2.7528,327.9297,1.775
dinov2,layer_drop_mlp,32,271.7075,471.0953,2.6121,289.124,1.9988
dinov2,layer_drop_mlp,40,363.2765,352.349,1.4218,211.5126,2.6725
dinov2,layer_drop_all,2,137.8824,928.3291,3.7028,589.0566,1.0143
dinov2,layer_drop_all,4,140.4613,911.2838,3.6676,578.5436,1.0333
dinov2,layer_drop_all,6,142.9894,895.1716,3.6324,568.0305,1.0519
dinov2,layer_drop_all,8,145.7729,878.0785,3.5972,557.5175,1.0724
dinov2,layer_drop_all,12,152.8474,837.4369,3.5092,532.0465,1.1244
dinov2,layer_drop_all,16,161.9641,790.2987,3.4036,502.1306,1.1915
dinov2,layer_drop_all,20,173.3695,738.3082,3.2805,467.7698,1.2754
dinov2,layer_drop_all,24,188.4404,679.2601,3.1397,428.9641,1.3863
dinov2,layer_drop_all,28,202.6242,631.7116,3.0342,399.0483,1.4906
dinov2,layer_drop_all,32,221.2727,578.4722,2.911,364.6875,1.6278
dinov2,layer_drop_all,40,270.789,472.6936,2.6647,295.9659,1.9921
dinov2,block_drop,2,142.3187,899.3903,3.6324,569.6538,1.047
dinov2,block_drop,4,150.0148,853.2496,3.5268,539.7379,1.1036
dinov2,block_drop,6,158.9992,805.036,3.4213,509.822,1.1697
dinov2,block_drop,8,168.5594,759.3768,3.3157,479.9061,1.24
dinov2,block_drop,12,192.0985,666.3252,3.1046,420.0743,1.4132
dinov2,block_drop,16,223.5436,572.5956,2.8935,360.2426,1.6445
dinov2,block_drop,20,266.9804,479.437,2.6823,300.4108,1.964
dinov2,block_drop,24,331.7615,385.82,2.4712,240.579,2.4406
dinov2,block_drop,28,437.2572,292.7345,2.2601,180.7472,3.2167
dinov2,block_drop,32,641.6447,199.4887,2.049,120.9155,4.7203
dinov2,block_drop,40,10038.3295,12.7514,0.2446,1.2519,73.8472
dinov3_vit,baseline,0,455.218,281.1856,1.1507,123.1082,1.0
dinov3_vit,layer_drop_attn,2,475.6459,269.1099,1.1351,119.4851,1.0449
dinov3_vit,layer_drop_attn,4,497.5502,257.2609,1.1194,115.8621,1.093
dinov3_vit,layer_drop_attn,6,522.8523,244.8113,1.1038,112.2391,1.1486
dinov3_vit,layer_drop_attn,8,549.8601,232.7869,1.0881,108.616,1.2079
dinov3_vit,layer_drop_attn,12,616.2468,207.7095,1.0568,101.37,1.3537
dinov3_vit,layer_drop_attn,16,699.5798,182.9674,1.0256,94.1239,1.5368
dinov3_vit,layer_drop_attn,20,808.3287,158.3518,0.9943,86.8778,1.7757
dinov3_vit,layer_drop_attn,24,956.789,133.7812,0.9134,79.6318,2.1018
dinov3_vit,layer_drop_mlp,2,472.2732,271.03,1.1195,116.498,1.0375
dinov3_vit,layer_drop_mlp,4,491.4278,260.4659,1.0882,109.8877,1.0795
dinov3_vit,layer_drop_mlp,6,512.4356,249.7878,1.0569,103.2775,1.1257
dinov3_vit,layer_drop_mlp,8,535.2853,239.1252,1.0256,96.6673,1.1759
dinov3_vit,layer_drop_mlp,12,587.9021,217.7236,0.9631,83.4468,1.2915
dinov3_vit,layer_drop_mlp,16,651.7927,196.3817,0.9005,70.2264,1.4318
dinov3_vit,layer_drop_mlp,20,731.6104,174.9568,0.8379,57.006,1.6072
dinov3_vit,layer_drop_mlp,24,832.3062,153.7898,0.6748,43.7855,1.8284
dinov3_vit,layer_drop_all,2,471.7686,271.3199,1.1195,116.498,1.0364
dinov3_vit,layer_drop_all,4,491.5152,260.4197,1.0882,109.8877,1.0797
dinov3_vit,layer_drop_all,6,514.0285,249.0137,1.0647,104.7711,1.1292
dinov3_vit,layer_drop_all,8,540.9016,236.6424,1.0491,101.1481,1.1882
dinov3_vit,layer_drop_all,12,598.9109,213.7217,1.0021,90.9148,1.3157
dinov3_vit,layer_drop_all,16,673.7147,189.9918,0.963,82.1752,1.48
dinov3_vit,layer_drop_all,20,763.0056,167.7579,0.9083,70.4483,1.6761
dinov3_vit,layer_drop_all,24,890.467,143.7452,0.8692,61.7086,1.9561
dinov3_vit,block_drop,2,494.7605,258.7114,1.1038,112.8749,1.0869
dinov3_vit,block_drop,4,542.9264,235.7598,1.0569,102.6417,1.1927
dinov3_vit,block_drop,6,601.5404,212.7874,1.01,92.4084,1.3214
dinov3_vit,block_drop,8,675.0078,189.6279,0.963,82.1752,1.4828
dinov3_vit,block_drop,12,891.6375,143.5564,0.8692,61.7086,1.9587
dinov3_vit,block_drop,16,1311.3695,97.6082,0.7753,41.2421,2.8808
dinov3_vit,block_drop,20,2473.1014,51.757,0.6815,20.7756,5.4328
dinov3_vit,block_drop,24,21621.8609,5.9203,0.1437,0.3091,47.4978
swinv2,baseline,0,428.99,298.3769,3.4822,41.6599,1.0
swinv2,layer_drop_attn,2,449.2952,284.8912,3.4773,40.3177,1.0473
swinv2,layer_drop_attn,4,464.5233,275.5515,3.4669,39.6466,1.0828
swinv2,layer_drop_attn,6,490.1662,261.1361,3.462,38.3044,1.1426
swinv2,layer_drop_attn,8,518.5497,246.8425,3.457,36.9623,1.2088
swinv2,layer_drop_attn,12,573.9168,223.0292,3.4417,34.949,1.3378
swinv2,layer_drop_attn,16,658.5872,194.3557,3.4319,32.2646,1.5352
swinv2,layer_drop_attn,20,831.6144,153.9176,3.4235,29.4461,1.9385
swinv2,layer_drop_attn,24,1883.8546,67.9459,1.4163,25.8222,4.3914
swinv2,layer_drop_mlp,2,435.0487,294.2203,3.4744,39.5124,1.0141
swinv2,layer_drop_mlp,4,440.2862,290.7207,3.4665,37.3649,1.0263
swinv2,layer_drop_mlp,6,445.0126,287.6332,3.447,35.2174,1.0373
swinv2,layer_drop_mlp,8,450.6514,284.0342,3.4391,33.0699,1.0505
swinv2,layer_drop_mlp,12,464.4611,275.5885,3.4235,28.775,1.0827
swinv2,layer_drop_mlp,16,480.0606,266.6331,3.3962,24.48,1.119
swinv2,layer_drop_mlp,24,536.9293,238.3928,3.378,15.8901,1.2516
swinv2,layer_drop_all,2,447.2391,286.2007,3.4773,40.3177,1.0425
swinv2,layer_drop_all,4,463.3005,276.2787,3.4669,39.6466,1.08
swinv2,layer_drop_all,6,489.2624,261.6185,3.462,38.3044,1.1405
swinv2,layer_drop_all,8,517.6052,247.2931,3.457,36.9623,1.2066
swinv2,layer_drop_all,12,548.529,233.3516,3.4428,33.0699,1.2787
swinv2,layer_drop_all,16,582.0974,219.8946,3.4169,29.1776,1.3569
swinv2,layer_drop_all,20,620.8175,206.18,3.3987,26.3591,1.4472
swinv2,layer_drop_all,24,665.4445,192.3528,3.3845,22.4667,1.5512
swinv2,block_drop,2,456.8975,280.1506,3.4694,38.1702,1.0651
swinv2,block_drop,4,489.4633,261.5112,3.4566,34.6806,1.141
swinv2,block_drop,6,527.1283,242.8255,3.4439,31.1909,1.2288
swinv2,block_drop,8,570.0408,224.5457,3.4312,27.7012,1.3288
swinv2,block_drop,12,645.3703,198.336,3.3713,22.0641,1.5044
swinv2,block_drop,16,794.082,161.1928,3.3458,15.0848,1.8511
swinv2,block_drop,20,1032.3885,123.9846,3.3202,8.1054,2.4066
swinv2,block_drop,24,20064.5428,6.3796,0.441,0.0524,46.7716
vit,baseline,0,1912.9009,66.9145,0.7179,35.4287,1.0
vit,layer_drop_attn,2,2032.4022,62.9801,0.708,33.3311,1.0625
vit,layer_drop_attn,4,2160.1564,59.2556,0.6992,31.2336,1.1293
vit,layer_drop_attn,6,2313.8952,55.3181,0.6892,29.136,1.2096
vit,layer_drop_attn,8,2493.8913,51.326,0.6804,27.0384,1.3037
vit,layer_drop_attn,12,2983.2661,42.9063,0.5511,22.8433,1.5596
vit,layer_drop_mlp,2,2083.504,61.4356,0.6992,31.7105,1.0892
vit,layer_drop_mlp,4,2322.2171,55.1199,0.6807,27.9922,1.214
vit,layer_drop_mlp,6,2632.742,48.6191,0.6623,24.274,1.3763
vit,layer_drop_mlp,8,3033.0755,42.2015,0.6438,20.5557,1.5856
vit,layer_drop_mlp,12,4345.8138,29.4538,0.3552,13.1192,2.2718
vit,layer_drop_all,2,2083.8755,61.4243,0.6992,31.7105,1.0894
vit,layer_drop_all,4,2320.6322,55.1576,0.6807,27.9922,1.2131
vit,layer_drop_all,6,2630.5256,48.66,0.6623,24.274,1.3751
vit,layer_drop_all,8,3034.2194,42.1856,0.6438,20.5557,1.5862
vit,layer_drop_all,12,4044.4627,31.6482,0.6166,14.7399,2.1143
vit,block_drop,2,2233.9719,57.2975,0.6895,29.6129,1.1678
vit,block_drop,4,2741.7667,46.6855,0.6623,23.7971,1.4333
vit,block_drop,6,3541.7892,36.1401,0.6342,17.9813,1.8515
vit,block_drop,8,5014.4811,25.5262,0.6069,12.1654,2.6214
vit,block_drop,12,28145.0447,4.5479,0.1192,0.5338,14.7133
deit,baseline,0,1931.9636,66.2541,0.7179,35.4287,1.0
deit,layer_drop_attn,1,1985.9913,64.4518,0.7124,34.3799,1.028
deit,layer_drop_attn,2,2044.2362,62.6153,0.708,33.3311,1.0581
deit,layer_drop_attn,3,2108.2858,60.7132,0.7036,32.2824,1.0913
deit,layer_drop_attn,4,2180.2751,58.7084,0.6992,31.2336,1.1285
deit,layer_drop_attn,5,2259.4998,56.65,0.6939,30.1848,1.1695
deit,layer_drop_attn,6,2342.8853,54.6338,0.6892,29.136,1.2127
deit,layer_drop_attn,7,2433.8202,52.5925,0.6848,28.0872,1.2598
deit,layer_drop_attn,8,2533.0403,50.5323,0.6804,27.0384,1.3111
deit,layer_drop_attn,9,2638.4683,48.5132,0.676,25.9897,1.3657
deit,layer_drop_attn,10,2758.815,46.397,0.6716,24.9409,1.428
deit,layer_drop_attn,11,2885.1906,44.3647,0.6277,23.8921,1.4934
deit,layer_drop_attn,12,3027.3006,42.2821,0.5511,22.8433,1.567
deit,layer_drop_mlp,1,2005.9128,63.8117,0.7088,33.5696,1.0383
deit,layer_drop_mlp,2,2110.0038,60.6637,0.6992,31.7105,1.0922
deit,layer_drop_mlp,3,2228.1502,57.447,0.6904,29.8513,1.1533
deit,layer_drop_mlp,4,2357.3934,54.2975,0.6807,27.9922,1.2202
deit,layer_drop_mlp,5,2502.6407,51.1462,0.6719,26.1331,1.2954
deit,layer_drop_mlp,6,2668.4757,47.9676,0.6623,24.274,1.3812
deit,layer_drop_mlp,7,2857.4271,44.7957,0.6535,22.4148,1.479
deit,layer_drop_mlp,8,3078.006,41.5855,0.6438,20.5557,1.5932
deit,layer_drop_mlp,9,3336.2049,38.3671,0.635,18.6966,1.7268
deit,layer_drop_mlp,10,3637.652,35.1877,0.6254,16.8375,1.8829
deit,layer_drop_mlp,11,3993.6859,32.0508,0.5805,14.9783,2.0672
deit,layer_drop_mlp,12,4435.3333,28.8593,0.3552,13.1192,2.2958
deit,layer_drop_all,1,2008.943,63.7155,0.7088,33.5696,1.0398
deit,layer_drop_all,2,2111.0773,60.6328,0.6992,31.7105,1.0927
deit,layer_drop_all,3,2229.0097,57.4248,0.6904,29.8513,1.1538
deit,layer_drop_all,4,2357.7427,54.2895,0.6807,27.9922,1.2204
deit,layer_drop_all,5,2503.673,51.1251,0.6719,26.1331,1.2959
deit,layer_drop_all,6,2668.6651,47.9643,0.6623,24.274,1.3813
deit,layer_drop_all,7,2857.6753,44.7918,0.6535,22.4148,1.4792
deit,layer_drop_all,8,3078.3348,41.581,0.6438,20.5557,1.5934
deit,layer_drop_all,9,3336.6023,38.3625,0.635,18.6966,1.7271
deit,layer_drop_all,10,3639.4176,35.1705,0.6254,16.8375,1.8838
deit,layer_drop_all,11,3993.9119,32.0489,0.5805,14.9783,2.0673
deit,layer_drop_all,12,4270.0467,29.9763,0.5761,13.9296,2.2102
deit,layer_drop_all,16,5852.9012,21.8696,0.5576,9.7344,3.0295
deit,layer_drop_all,20,9389.6109,13.6322,0.5392,5.5393,4.8601
deit,block_drop,1,2077.9926,61.5981,0.7036,32.5208,1.0756
deit,block_drop,2,2269.0991,56.4102,0.6895,29.6129,1.1745
deit,block_drop,3,2498.4172,51.2326,0.676,26.705,1.2932
deit,block_drop,4,2780.9169,46.0282,0.6623,23.7971,1.4394
deit,block_drop,5,3135.2018,40.8269,0.6491,20.8892,1.6228
deit,block_drop,6,3592.8117,35.6269,0.6342,17.9813,1.8597
deit,block_drop,7,4208.2169,30.4168,0.6209,15.0733,2.1782
deit,block_drop,8,5091.6395,25.1393,0.6069,12.1654,2.6355
deit,block_drop,9,6404.7861,19.9851,0.5934,9.2575,3.3152
deit,block_drop,10,8704.995,14.7043,0.5796,6.3496,4.5058
deit,block_drop,11,13423.4636,9.5356,0.5295,3.4417,6.9481
deit,block_drop,12,29344.3813,4.3621,0.1192,0.5338,15.1889
